<?xml version="1.0" encoding="utf-8"?>
<!--
Automatically generated IO group description. Please do NOT modify!
-->
<SunriseIOGroupDescription xmlns:xsi="http://www.w3.org/2001/XMLSchema-instance" xmlns:xsd="http://www.w3.org/2001/XMLSchema" Version="1.0.0">
  <IOGroup DisplayName="MediaFlange" IconName="MediaFlange" SignalTypes="InOut" TemplateName="MediaFlange">
    <IOs>
      <DigitalIOItem Name="InputX3Pin10" DataType="BOOL" IOType="Input" UsedBitWidth="1" IsConnected="true">
        <Description />
      </DigitalIOItem>
      <DigitalIOItem Name="InputX3Pin16" DataType="BOOL" IOType="Input" UsedBitWidth="1" IsConnected="true">
        <Description />
      </DigitalIOItem>
      <DigitalIOItem Name="InputX3Pin13" DataType="BOOL" IOType="Input" UsedBitWidth="1" IsConnected="true">
        <Description />
      </DigitalIOItem>
      <DigitalIOItem Name="InputX3Pin3" DataType="BOOL" IOType="Input" UsedBitWidth="1" IsConnected="true">
        <Description />
      </DigitalIOItem>
      <DigitalIOItem Name="InputX3Pin4" DataType="BOOL" IOType="Input" UsedBitWidth="1" IsConnected="true">
        <Description />
      </DigitalIOItem>
      <DigitalIOItem Name="OutputX3Pin1" DataType="BOOL" IOType="Output" UsedBitWidth="1" IsConnected="true">
        <Description />
      </DigitalIOItem>
      <DigitalIOItem Name="OutputX3Pin11" DataType="BOOL" IOType="Output" UsedBitWidth="1" IsConnected="true">
        <Description />
      </DigitalIOItem>
      <DigitalIOItem Name="OutputX3Pin12" DataType="BOOL" IOType="Output" UsedBitWidth="1" IsConnected="true">
        <Description />
      </DigitalIOItem>
      <DigitalIOItem Name="OutputX3Pin2" DataType="BOOL" IOType="Output" UsedBitWidth="1" IsConnected="true">
        <Description />
      </DigitalIOItem>
      <DigitalIOItem Name="LEDBlue" DataType="BOOL" IOType="Output" UsedBitWidth="1" IsConnected="true">
        <Description />
      </DigitalIOItem>
      <DigitalIOItem Name="UserButton" DataType="BOOL" IOType="Input" UsedBitWidth="1" IsConnected="true">
        <Description />
      </DigitalIOItem>
      <DigitalIOItem Name="SwitchOffX3Voltage" DataType="BOOL" IOType="Output" UsedBitWidth="1" IsConnected="true">
        <Description />
      </DigitalIOItem>
    </IOs>
    <Description>This I/O Group contains the In-/Outputs for the Multimedia Flange Light Beta.</Description>
  </IOGroup>
</SunriseIOGroupDescription>