<?xml version="1.0" encoding="UTF-8" standalone="no"?>
<RoboticsAPI>
    <Engine Class="com.kuka.roboticsAPI.persistenceModel.PersistenceEngine"/>
    <DataSource Class="com.kuka.roboticsAPI.persistenceModel.XmlApplicationDataSource" DataFile="RoboticsAPI.data.xml" Name="robotApplicationDataSource"/>
    <Engine Class="com.kuka.roboticsAPI.uiModel.UIEngine"/>
    <Engine Class="com.kuka.roboticsAPI.applicationModel.tasks.RoboticsAPITaskEngine"/>
    <Controller Class="com.kuka.roboticsAPI.controllerModel.sunrise.SunriseController" KeepAliveSendTimeout="30000" Name="KUKA_Sunrise_Cabinet_1" NameserverAddress="192.168.1.7" NameserverPort="23456">
        <Mapper Class="com.kuka.roboticsAPI.controllerModel.sunrise.mapping.HandGuidingControlModeMapper"/>
        <Mapper Class="com.kuka.roboticsAPI.controllerModel.sunrise.mapping.HandGuidingMapper"/>
    </Controller>
</RoboticsAPI>
