<?xml version="1.0" encoding="UTF-8" standalone="no"?>
<RoboticsAPIData version="3">
    <world>
        <gravitation x="0.0" y="0.0" z="9.81"/>
        <frame name="Example">
            <transformation a="0.0" b="0.0" c="0.0" x="0.0" y="0.0" z="0.0"/>
            <additionalInformation>
                <info key="LastModificationTime" type="java.lang.Long" value="1442565259352"/>
                <info key="UseAsBaseForJogging" type="java.lang.Boolean" value="true"/>
            </additionalInformation>
            <redundancyData>
                <redundancy transformationProviderName="legacy" type="com.kuka.roboticsAPI.deviceModel.LBRE1Redundancy"/>
            </redundancyData>
            <frame name="P1">
                <transformation a="-2.4281087947952082" b="0.9697577941431117" c="0.5594039958449245" x="-465.51949825687916" y="-486.1623890724976" z="550.2989063994929"/>
                <additionalInformation>
                    <info key="LastModificationTime" type="java.lang.Long" value="1442575246879"/>
                    <info base="LBR_iiwa_14_R820_1" controller="KUKA_Sunrise_Cabinet_1" device="LBR_iiwa_14_R820_1" tcpName="penTool/penToolTCP" tool="penTool" type="com.kuka.roboticsAPI.deviceModel.TeachInformation">
                        <tcpTransformation a="1.5604767862602067" b="-0.7806325679145418" c="0.7108799099765873" x="0.3146249344547443" y="94.47808003202167" z="113.89449782420168"/>
                    </info>
                </additionalInformation>
                <redundancyData>
                    <redundancy transformationProviderName="KUKA_Sunrise_Cabinet_1/LBR_iiwa_14_R820_1" type="com.kuka.roboticsAPI.deviceModel.LBRE1Redundancy">
                        <info type="com.kuka.roboticsAPI.deviceModel.StatusTurnRedundancy$StatusParameter" value="1" valueType="java.lang.Integer"/>
                        <info type="com.kuka.roboticsAPI.deviceModel.StatusTurnRedundancy$TurnParameter" value="2" valueType="java.lang.Integer"/>
                        <info type="com.kuka.roboticsAPI.deviceModel.LBRE1Redundancy$E1Parameter" value="0.7130404685870281" valueType="java.lang.Double"/>
                    </redundancy>
                </redundancyData>
            </frame>
            <frame name="P2">
                <transformation a="-2.48499188834578" b="0.964876273227323" c="0.4658776952843547" x="-464.9935456832764" y="-597.5812279156431" z="836.5778304217623"/>
                <additionalInformation>
                    <info key="LastModificationTime" type="java.lang.Long" value="1442575359437"/>
                    <info base="LBR_iiwa_14_R820_1" controller="KUKA_Sunrise_Cabinet_1" device="LBR_iiwa_14_R820_1" tcpName="penTool/penToolTCP" tool="penTool" type="com.kuka.roboticsAPI.deviceModel.TeachInformation">
                        <tcpTransformation a="1.5604767862602067" b="-0.7806325679145418" c="0.7108799099765873" x="0.3146249344547443" y="94.47808003202167" z="113.89449782420168"/>
                    </info>
                </additionalInformation>
                <redundancyData>
                    <redundancy transformationProviderName="KUKA_Sunrise_Cabinet_1/LBR_iiwa_14_R820_1" type="com.kuka.roboticsAPI.deviceModel.LBRE1Redundancy">
                        <info type="com.kuka.roboticsAPI.deviceModel.StatusTurnRedundancy$StatusParameter" value="1" valueType="java.lang.Integer"/>
                        <info type="com.kuka.roboticsAPI.deviceModel.StatusTurnRedundancy$TurnParameter" value="66" valueType="java.lang.Integer"/>
                        <info type="com.kuka.roboticsAPI.deviceModel.LBRE1Redundancy$E1Parameter" value="0.7130351955110314" valueType="java.lang.Double"/>
                    </redundancy>
                </redundancyData>
            </frame>
            <frame name="P3">
                <transformation a="3.1230783292667574" b="0.955978748605306" c="0.34416149566864745" x="-804.8767661916396" y="-135.9739499449674" z="726.3819307848819"/>
                <additionalInformation>
                    <info key="LastModificationTime" type="java.lang.Long" value="1442575390855"/>
                    <info base="LBR_iiwa_14_R820_1" controller="KUKA_Sunrise_Cabinet_1" device="LBR_iiwa_14_R820_1" tcpName="penTool/penToolTCP" tool="penTool" type="com.kuka.roboticsAPI.deviceModel.TeachInformation">
                        <tcpTransformation a="1.5604767862602067" b="-0.7806325679145418" c="0.7108799099765873" x="0.3146249344547443" y="94.47808003202167" z="113.89449782420168"/>
                    </info>
                </additionalInformation>
                <redundancyData>
                    <redundancy transformationProviderName="KUKA_Sunrise_Cabinet_1/LBR_iiwa_14_R820_1" type="com.kuka.roboticsAPI.deviceModel.LBRE1Redundancy">
                        <info type="com.kuka.roboticsAPI.deviceModel.StatusTurnRedundancy$StatusParameter" value="1" valueType="java.lang.Integer"/>
                        <info type="com.kuka.roboticsAPI.deviceModel.StatusTurnRedundancy$TurnParameter" value="67" valueType="java.lang.Integer"/>
                        <info type="com.kuka.roboticsAPI.deviceModel.LBRE1Redundancy$E1Parameter" value="1.1523387701616163" valueType="java.lang.Double"/>
                    </redundancy>
                </redundancyData>
            </frame>
        </frame>
        <frame name="Paper">
            <transformation a="2.3392563128906225" b="-0.01961404909542295" c="0.8118830417383642" x="-411.95798921634514" y="-607.3174064411878" z="280.047103659831"/>
            <additionalInformation>
                <info key="LastModificationTime" type="java.lang.Long" value="1443269750290"/>
                <info key="UseAsBaseForJogging" type="java.lang.Boolean" value="true"/>
                <info measurementMethod="Base3Point" timestamp="1443269750290" type="com.kuka.roboticsAPI.deviceModel.MeasurementInformation"/>
            </additionalInformation>
            <redundancyData>
                <redundancy transformationProviderName="legacy" type="com.kuka.roboticsAPI.deviceModel.LBRE1Redundancy"/>
            </redundancyData>
            <frame name="P1">
                <transformation a="-0.31456360320357524" b="1.5460178200155754" c="-1.1332986082692387" x="0.0" y="190.0" z="0.0"/>
                <additionalInformation>
                    <info key="LastModificationTime" type="java.lang.Long" value="1443273624237"/>
                    <info base="LBR_iiwa_14_R820_1" controller="KUKA_Sunrise_Cabinet_1" device="LBR_iiwa_14_R820_1" tcpName="penTool/penToolTCP" tool="penTool" type="com.kuka.roboticsAPI.deviceModel.TeachInformation">
                        <tcpTransformation a="1.5604767862602067" b="-0.7806325679145418" c="0.7108799099765873" x="0.3146249344547443" y="94.47808003202167" z="113.89449782420168"/>
                    </info>
                </additionalInformation>
                <redundancyData>
                    <redundancy transformationProviderName="KUKA_Sunrise_Cabinet_1/LBR_iiwa_14_R820_1" type="com.kuka.roboticsAPI.deviceModel.LBRE1Redundancy">
                        <info type="com.kuka.roboticsAPI.deviceModel.StatusTurnRedundancy$StatusParameter" value="1" valueType="java.lang.Integer"/>
                        <info type="com.kuka.roboticsAPI.deviceModel.StatusTurnRedundancy$TurnParameter" value="2" valueType="java.lang.Integer"/>
                        <info type="com.kuka.roboticsAPI.deviceModel.LBRE1Redundancy$E1Parameter" value="0.050514286938569124" valueType="java.lang.Double"/>
                    </redundancy>
                </redundancyData>
            </frame>
            <frame name="P2">
                <transformation a="-0.3175419164712776" b="1.5460868815468805" c="-1.1362976127128408" x="280.0" y="190.0" z="0.0"/>
                <additionalInformation>
                    <info key="LastModificationTime" type="java.lang.Long" value="1443273646257"/>
                    <info base="LBR_iiwa_14_R820_1" controller="KUKA_Sunrise_Cabinet_1" device="LBR_iiwa_14_R820_1" tcpName="penTool/penToolTCP" tool="penTool" type="com.kuka.roboticsAPI.deviceModel.TeachInformation">
                        <tcpTransformation a="1.5604767862602067" b="-0.7806325679145418" c="0.7108799099765873" x="0.3146249344547443" y="94.47808003202167" z="113.89449782420168"/>
                    </info>
                </additionalInformation>
                <redundancyData>
                    <redundancy transformationProviderName="KUKA_Sunrise_Cabinet_1/LBR_iiwa_14_R820_1" type="com.kuka.roboticsAPI.deviceModel.LBRE1Redundancy">
                        <info type="com.kuka.roboticsAPI.deviceModel.StatusTurnRedundancy$StatusParameter" value="1" valueType="java.lang.Integer"/>
                        <info type="com.kuka.roboticsAPI.deviceModel.StatusTurnRedundancy$TurnParameter" value="18" valueType="java.lang.Integer"/>
                        <info type="com.kuka.roboticsAPI.deviceModel.LBRE1Redundancy$E1Parameter" value="0.05051314843848273" valueType="java.lang.Double"/>
                    </redundancy>
                </redundancyData>
            </frame>
            <frame name="P3">
                <transformation a="-0.3124454962111804" b="1.546040280217601" c="-1.1311911852139396" x="280.0" y="0.0" z="0.0"/>
                <additionalInformation>
                    <info key="LastModificationTime" type="java.lang.Long" value="1443273676114"/>
                    <info base="LBR_iiwa_14_R820_1" controller="KUKA_Sunrise_Cabinet_1" device="LBR_iiwa_14_R820_1" tcpName="penTool/penToolTCP" tool="penTool" type="com.kuka.roboticsAPI.deviceModel.TeachInformation">
                        <tcpTransformation a="1.5604767862602067" b="-0.7806325679145418" c="0.7108799099765873" x="0.3146249344547443" y="94.47808003202167" z="113.89449782420168"/>
                    </info>
                </additionalInformation>
                <redundancyData>
                    <redundancy transformationProviderName="KUKA_Sunrise_Cabinet_1/LBR_iiwa_14_R820_1" type="com.kuka.roboticsAPI.deviceModel.LBRE1Redundancy">
                        <info type="com.kuka.roboticsAPI.deviceModel.StatusTurnRedundancy$StatusParameter" value="1" valueType="java.lang.Integer"/>
                        <info type="com.kuka.roboticsAPI.deviceModel.StatusTurnRedundancy$TurnParameter" value="18" valueType="java.lang.Integer"/>
                        <info type="com.kuka.roboticsAPI.deviceModel.LBRE1Redundancy$E1Parameter" value="0.050509912598053236" valueType="java.lang.Double"/>
                    </redundancy>
                </redundancyData>
            </frame>
            <frame name="P0">
                <transformation a="-0.31534846390706034" b="1.546032939081403" c="-1.1339869285916304" x="0.0" y="0.0" z="0.0"/>
                <additionalInformation>
                    <info key="LastModificationTime" type="java.lang.Long" value="1443273606572"/>
                    <info base="LBR_iiwa_14_R820_1" controller="KUKA_Sunrise_Cabinet_1" device="LBR_iiwa_14_R820_1" tcpName="penTool/penToolTCP" tool="penTool" type="com.kuka.roboticsAPI.deviceModel.TeachInformation">
                        <tcpTransformation a="1.5604767862602067" b="-0.7806325679145418" c="0.7108799099765873" x="0.3146249344547443" y="94.47808003202167" z="113.89449782420168"/>
                    </info>
                </additionalInformation>
                <redundancyData>
                    <redundancy transformationProviderName="KUKA_Sunrise_Cabinet_1/LBR_iiwa_14_R820_1" type="com.kuka.roboticsAPI.deviceModel.LBRE1Redundancy">
                        <info type="com.kuka.roboticsAPI.deviceModel.StatusTurnRedundancy$StatusParameter" value="1" valueType="java.lang.Integer"/>
                        <info type="com.kuka.roboticsAPI.deviceModel.StatusTurnRedundancy$TurnParameter" value="2" valueType="java.lang.Integer"/>
                        <info type="com.kuka.roboticsAPI.deviceModel.LBRE1Redundancy$E1Parameter" value="0.05044112317274144" valueType="java.lang.Double"/>
                    </redundancy>
                </redundancyData>
            </frame>
            <frame name="NearPaper0">
                <transformation a="-0.3" b="1.5" c="-1.1" x="0.0" y="0.0" z="30.0"/>
                <additionalInformation>
                    <info key="LastModificationTime" type="java.lang.Long" value="1443273999303"/>
                    <info base="LBR_iiwa_14_R820_1" controller="KUKA_Sunrise_Cabinet_1" device="LBR_iiwa_14_R820_1" tcpName="penTool/penToolTCP" tool="penTool" type="com.kuka.roboticsAPI.deviceModel.TeachInformation">
                        <tcpTransformation a="1.5604767862602067" b="-0.7806325679145418" c="0.7108799099765873" x="0.3146249344547443" y="94.47808003202167" z="113.89449782420168"/>
                    </info>
                </additionalInformation>
                <redundancyData>
                    <redundancy transformationProviderName="KUKA_Sunrise_Cabinet_1/LBR_iiwa_14_R820_1" type="com.kuka.roboticsAPI.deviceModel.LBRE1Redundancy">
                        <info type="com.kuka.roboticsAPI.deviceModel.StatusTurnRedundancy$StatusParameter" value="1" valueType="java.lang.Integer"/>
                        <info type="com.kuka.roboticsAPI.deviceModel.StatusTurnRedundancy$TurnParameter" value="2" valueType="java.lang.Integer"/>
                        <info type="com.kuka.roboticsAPI.deviceModel.LBRE1Redundancy$E1Parameter" value="0.7130105080469564" valueType="java.lang.Double"/>
                    </redundancy>
                </redundancyData>
            </frame>
            <frame name="PaperApproach">
                <transformation a="-0.3155944039364712" b="1.5460292084086011" c="-1.1342752437977954" x="140.0" y="95.0" z="100.0"/>
                <additionalInformation>
                    <info key="LastModificationTime" type="java.lang.Long" value="1443274310230"/>
                    <info base="LBR_iiwa_14_R820_1" controller="KUKA_Sunrise_Cabinet_1" device="LBR_iiwa_14_R820_1" tcpName="penTool/penToolTCP" tool="penTool" type="com.kuka.roboticsAPI.deviceModel.TeachInformation">
                        <tcpTransformation a="1.5604767862602067" b="-0.7806325679145418" c="0.7108799099765873" x="0.3146249344547443" y="94.47808003202167" z="113.89449782420168"/>
                    </info>
                </additionalInformation>
                <redundancyData>
                    <redundancy transformationProviderName="KUKA_Sunrise_Cabinet_1/LBR_iiwa_14_R820_1" type="com.kuka.roboticsAPI.deviceModel.LBRE1Redundancy">
                        <info type="com.kuka.roboticsAPI.deviceModel.StatusTurnRedundancy$StatusParameter" value="1" valueType="java.lang.Integer"/>
                        <info type="com.kuka.roboticsAPI.deviceModel.StatusTurnRedundancy$TurnParameter" value="2" valueType="java.lang.Integer"/>
                        <info type="com.kuka.roboticsAPI.deviceModel.LBRE1Redundancy$E1Parameter" value="0.05047042463285507" valueType="java.lang.Double"/>
                    </redundancy>
                </redundancyData>
            </frame>
        </frame>
        <frame name="ToolTeaching">
            <transformation a="0.0" b="0.0" c="0.0" x="0.0" y="0.0" z="0.0"/>
            <additionalInformation>
                <info key="LastModificationTime" type="java.lang.Long" value="1443275691024"/>
                <info key="UseAsBaseForJogging" type="java.lang.Boolean" value="true"/>
            </additionalInformation>
            <redundancyData>
                <redundancy transformationProviderName="legacy" type="com.kuka.roboticsAPI.deviceModel.LBRE1Redundancy"/>
            </redundancyData>
            <frame name="P1">
                <transformation a="-1.3781452014992424" b="1.5309490989638648" c="-0.5501286914320926" x="474.04954354184775" y="-464.0305531912331" z="315.60047682582706"/>
                <additionalInformation>
                    <info key="LastModificationTime" type="java.lang.Long" value="1443273063462"/>
                    <info base="LBR_iiwa_14_R820_1" controller="KUKA_Sunrise_Cabinet_1" device="LBR_iiwa_14_R820_1" tcpName="penTool/penToolTCP" tool="penTool" type="com.kuka.roboticsAPI.deviceModel.TeachInformation">
                        <tcpTransformation a="1.5604767862602067" b="-0.7806325679145418" c="0.7108799099765873" x="-0.5893355923135364" y="73.65310482004531" z="88.64045111110696"/>
                    </info>
                </additionalInformation>
                <redundancyData>
                    <redundancy transformationProviderName="KUKA_Sunrise_Cabinet_1/LBR_iiwa_14_R820_1" type="com.kuka.roboticsAPI.deviceModel.LBRE1Redundancy">
                        <info type="com.kuka.roboticsAPI.deviceModel.StatusTurnRedundancy$StatusParameter" value="2" valueType="java.lang.Integer"/>
                        <info type="com.kuka.roboticsAPI.deviceModel.StatusTurnRedundancy$TurnParameter" value="73" valueType="java.lang.Integer"/>
                        <info type="com.kuka.roboticsAPI.deviceModel.LBRE1Redundancy$E1Parameter" value="3.6611771677250006E-5" valueType="java.lang.Double"/>
                    </redundancy>
                </redundancyData>
            </frame>
            <frame name="P2">
                <transformation a="0.7361022040092428" b="-0.5157838029439623" c="-2.9182893679744235" x="462.0263704448562" y="-474.1990318763445" z="312.26547663870076"/>
                <additionalInformation>
                    <info key="LastModificationTime" type="java.lang.Long" value="1443273141137"/>
                    <info base="LBR_iiwa_14_R820_1" controller="KUKA_Sunrise_Cabinet_1" device="LBR_iiwa_14_R820_1" tcpName="penTool/penToolTCP" tool="penTool" type="com.kuka.roboticsAPI.deviceModel.TeachInformation">
                        <tcpTransformation a="1.5604767862602067" b="-0.7806325679145418" c="0.7108799099765873" x="-0.5893355923135364" y="73.65310482004531" z="88.64045111110696"/>
                    </info>
                </additionalInformation>
                <redundancyData>
                    <redundancy transformationProviderName="KUKA_Sunrise_Cabinet_1/LBR_iiwa_14_R820_1" type="com.kuka.roboticsAPI.deviceModel.LBRE1Redundancy">
                        <info type="com.kuka.roboticsAPI.deviceModel.StatusTurnRedundancy$StatusParameter" value="2" valueType="java.lang.Integer"/>
                        <info type="com.kuka.roboticsAPI.deviceModel.StatusTurnRedundancy$TurnParameter" value="73" valueType="java.lang.Integer"/>
                        <info type="com.kuka.roboticsAPI.deviceModel.LBRE1Redundancy$E1Parameter" value="6.729138739990625E-5" valueType="java.lang.Double"/>
                    </redundancy>
                </redundancyData>
            </frame>
            <frame name="P3">
                <transformation a="-2.5984831404551643" b="-0.4965748399740724" c="-1.4311031200970619" x="488.37037461855243" y="-448.2324782364618" z="315.91514422276487"/>
                <additionalInformation>
                    <info key="LastModificationTime" type="java.lang.Long" value="1443273243111"/>
                    <info base="LBR_iiwa_14_R820_1" controller="KUKA_Sunrise_Cabinet_1" device="LBR_iiwa_14_R820_1" tcpName="penTool/penToolTCP" tool="penTool" type="com.kuka.roboticsAPI.deviceModel.TeachInformation">
                        <tcpTransformation a="1.5604767862602067" b="-0.7806325679145418" c="0.7108799099765873" x="-0.5893355923135364" y="73.65310482004531" z="88.64045111110696"/>
                    </info>
                </additionalInformation>
                <redundancyData>
                    <redundancy transformationProviderName="KUKA_Sunrise_Cabinet_1/LBR_iiwa_14_R820_1" type="com.kuka.roboticsAPI.deviceModel.LBRE1Redundancy">
                        <info type="com.kuka.roboticsAPI.deviceModel.StatusTurnRedundancy$StatusParameter" value="2" valueType="java.lang.Integer"/>
                        <info type="com.kuka.roboticsAPI.deviceModel.StatusTurnRedundancy$TurnParameter" value="89" valueType="java.lang.Integer"/>
                        <info type="com.kuka.roboticsAPI.deviceModel.LBRE1Redundancy$E1Parameter" value="5.17119240159375E-5" valueType="java.lang.Double"/>
                    </redundancy>
                </redundancyData>
            </frame>
            <frame name="P4">
                <transformation a="2.612502669113641" b="0.6306564136479001" c="-1.559379481501206" x="482.6998127881609" y="-481.5675137621651" z="304.85505210922986"/>
                <additionalInformation>
                    <info key="LastModificationTime" type="java.lang.Long" value="1443273346462"/>
                    <info base="LBR_iiwa_14_R820_1" controller="KUKA_Sunrise_Cabinet_1" device="LBR_iiwa_14_R820_1" tcpName="penTool/penToolTCP" tool="penTool" type="com.kuka.roboticsAPI.deviceModel.TeachInformation">
                        <tcpTransformation a="1.5604767862602067" b="-0.7806325679145418" c="0.7108799099765873" x="-0.5893355923135364" y="73.65310482004531" z="88.64045111110696"/>
                    </info>
                </additionalInformation>
                <redundancyData>
                    <redundancy transformationProviderName="KUKA_Sunrise_Cabinet_1/LBR_iiwa_14_R820_1" type="com.kuka.roboticsAPI.deviceModel.LBRE1Redundancy">
                        <info type="com.kuka.roboticsAPI.deviceModel.StatusTurnRedundancy$StatusParameter" value="2" valueType="java.lang.Integer"/>
                        <info type="com.kuka.roboticsAPI.deviceModel.StatusTurnRedundancy$TurnParameter" value="89" valueType="java.lang.Integer"/>
                        <info type="com.kuka.roboticsAPI.deviceModel.LBRE1Redundancy$E1Parameter" value="8.898288473429687E-5" valueType="java.lang.Double"/>
                    </redundancy>
                </redundancyData>
            </frame>
        </frame>
    </world>
    <objectTemplates>
        <toolTemplate class="" defaultMotionFrameRef="/penToolTCP" name="penTool">
            <frames>
                <frame name="penToolTCP">
                    <transformation a="1.5604767862602067" b="-0.7806325679145419" c="0.7108799099765873" x="-0.5893355923135364" y="73.65310482004531" z="88.64045111110696"/>
                    <measurementTranslation calculationError="2.8828056587668778" method="XYZ4Point" timestamp="1442849999814"/>
                    <measurementRotation method="ABC2Point" timestamp="1439982650751"/>
                </frame>
            </frames>
            <loadData cogA="0.0" cogB="0.0" cogC="0.0" cogX="-69.3169240805754" cogY="-55.64026650095188" cogZ="-29.401569622981313" inertiaX="0.0" inertiaY="0.0" inertiaZ="0.0" mass="0.1764497576966664"/>
        </toolTemplate>
    </objectTemplates>
</RoboticsAPIData>
