﻿<?xml version="1.0" encoding="utf-8"?>
<SamConfigurationTypes xmlns:xsd="http://www.w3.org/2001/XMLSchema" xmlns:xsi="http://www.w3.org/2001/XMLSchema-instance">
  <AMFs>
    <AMF Id="1" Name="E_AMF_TYPE_ALWAYS_VIOLATED" NumInstances="1">
      <Parameters />
    </AMF>
    <AMF Id="2" Name="E_AMF_TYPE_EMERGENCY_STOP_LOCAL" NumInstances="1">
      <Parameters />
    </AMF>
    <AMF Id="3" Name="E_AMF_TYPE_CONTROL_PANEL_ENABLE" NumInstances="1">
      <Parameters />
    </AMF>
    <AMF Id="4" Name="E_AMF_TYPE_CONTROL_PANEL_PANIC" NumInstances="1">
      <Parameters />
    </AMF>
    <AMF Id="5" Name="E_AMF_TYPE_OP_MODE_TEST" NumInstances="1">
      <Parameters />
    </AMF>
    <AMF Id="6" Name="E_AMF_TYPE_OP_MODE_AUT_OR_EXT" NumInstances="1">
      <Parameters />
    </AMF>
    <AMF Id="7" Name="E_AMF_TYPE_OP_MODE_T1_OR_KRF" NumInstances="1">
      <Parameters />
    </AMF>
    <AMF Id="8" Name="E_AMF_TYPE_OP_MODE_HIGH_SPEED" NumInstances="1">
      <Parameters />
    </AMF>
    <AMF Id="9" Name="E_AMF_TYPE_INPUT_SIGNAL" NumInstances="100">
      <Parameters>
        <Parameter Id="10" VarName="inputSignal" Type="EIOInput" />
      </Parameters>
    </AMF>
    <AMF Id="11" Name="E_AMF_TYPE_STANDSTILL_ALL_AXES" NumInstances="8">
      <Parameters>
        <Parameter Id="12" VarName="monitoredKinematics" Type="EKinematics" />
      </Parameters>
    </AMF>
    <AMF Id="13" Name="E_AMF_TYPE_MOTION_ENABLE" NumInstances="1">
      <Parameters />
    </AMF>
    <AMF Id="14" Name="E_AMF_TYPE_AXIS_TORQUE" NumInstances="16">
      <Parameters>
        <Parameter Id="15" VarName="monitoredKinematics" Type="EKinematics" />
        <Parameter Id="16" VarName="monitoredAxis" Type="EAxisIdentifier" />
        <Parameter Id="17" VarName="lowerLimit" Type="INT" Unit="Nm" />
        <Parameter Id="18" VarName="upperLimit" Type="INT" Unit="Nm" />
      </Parameters>
    </AMF>
    <AMF Id="19" Name="E_AMF_TYPE_AXIS_VELOCITY" NumInstances="16">
      <Parameters>
        <Parameter Id="20" VarName="monitoredKinematics" Type="EKinematics" />
        <Parameter Id="21" VarName="monitoredAxis" Type="EAxisIdentifier" />
        <Parameter Id="22" VarName="maxVelocity" Type="UINT" Unit="°/s" />
      </Parameters>
    </AMF>
    <AMF Id="23" Name="E_AMF_TYPE_POS_REFERENCE" NumInstances="4">
      <Parameters>
        <Parameter Id="24" VarName="monitoredKinematics" Type="EKinematics" />
      </Parameters>
    </AMF>
    <AMF Id="25" Name="E_AMF_TYPE_TORQUE_REFERENCE" NumInstances="4">
      <Parameters>
        <Parameter Id="26" VarName="monitoredKinematics" Type="EKinematics" />
      </Parameters>
    </AMF>
    <AMF Id="27" Name="E_AMF_TYPE_AXIS_RANGE" NumInstances="16">
      <Parameters>
        <Parameter Id="28" VarName="monitoredKinematics" Type="EKinematics" />
        <Parameter Id="29" VarName="monitoredAxis" Type="EAxisIdentifier" />
        <Parameter Id="30" VarName="lowerLimit" Type="INT" Unit="°" />
        <Parameter Id="31" VarName="upperLimit" Type="INT" Unit="°" />
      </Parameters>
    </AMF>
    <AMF Id="32" Name="E_AMF_TYPE_CARTESIAN_TRANSLATIONAL_VELOCITY" NumInstances="31">
      <Parameters>
        <Parameter Id="33" VarName="monitoredKinematics" Type="EKinematics" />
        <Parameter Id="34" VarName="maxCartesianTranslationalVelocity" Type="UINT" Unit="mm/s" />
      </Parameters>
    </AMF>
    <AMF Id="35" Name="E_AMF_TYPE_CART_WORKSPACE" NumInstances="8">
      <Parameters>
        <Parameter Id="36" VarName="monitoredKinematics" Type="EKinematics" />
        <Parameter Id="37" VarName="monitoredStructure" Type="EMonitoredStructure" />
        <Parameter Id="38" VarName="originX" Type="INT" Unit="mm" />
        <Parameter Id="39" VarName="originY" Type="INT" Unit="mm" />
        <Parameter Id="40" VarName="originZ" Type="INT" Unit="mm" />
        <Parameter Id="41" VarName="originA" Type="UINT" Unit="°" />
        <Parameter Id="42" VarName="originB" Type="UINT" Unit="°" />
        <Parameter Id="43" VarName="originC" Type="UINT" Unit="°" />
        <Parameter Id="44" VarName="length" Type="UINT" Unit="mm" />
        <Parameter Id="45" VarName="width" Type="UINT" Unit="mm" />
        <Parameter Id="46" VarName="height" Type="UINT" Unit="mm" />
      </Parameters>
    </AMF>
    <AMF Id="47" Name="E_AMF_TYPE_CART_PROTECTED_SPACE" NumInstances="8">
      <Parameters>
        <Parameter Id="48" VarName="monitoredKinematics" Type="EKinematics" />
        <Parameter Id="49" VarName="monitoredStructure" Type="EMonitoredStructure" />
        <Parameter Id="50" VarName="originX" Type="INT" Unit="mm" />
        <Parameter Id="51" VarName="originY" Type="INT" Unit="mm" />
        <Parameter Id="52" VarName="originZ" Type="INT" Unit="mm" />
        <Parameter Id="53" VarName="originA" Type="UINT" Unit="°" />
        <Parameter Id="54" VarName="originB" Type="UINT" Unit="°" />
        <Parameter Id="55" VarName="originC" Type="UINT" Unit="°" />
        <Parameter Id="56" VarName="length" Type="UINT" Unit="mm" />
        <Parameter Id="57" VarName="width" Type="UINT" Unit="mm" />
        <Parameter Id="58" VarName="height" Type="UINT" Unit="mm" />
      </Parameters>
    </AMF>
    <AMF Id="59" Name="E_AMF_TYPE_COLLISION_DETECTION" NumInstances="8">
      <Parameters>
        <Parameter Id="60" VarName="monitoredKinematics" Type="EKinematics" />
        <Parameter Id="61" VarName="maximumExternalTorque" Type="UINT" Unit="Nm" />
      </Parameters>
    </AMF>
    <AMF Id="62" Name="E_AMF_TYPE_TCP_FORCE" NumInstances="8">
      <Parameters>
        <Parameter Id="63" VarName="monitoredKinematics" Type="EKinematics" />
        <Parameter Id="64" VarName="maximumTcpForce" Type="UINT" Unit="N" />
      </Parameters>
    </AMF>
    <AMF Id="65" Name="E_AMF_TYPE_HAND_GUIDING_ENABLE" NumInstances="1">
      <Parameters>
        <Parameter Id="66" VarName="enableActive1" Type="Bool" />
        <Parameter Id="67" VarName="enableInputSignal1" Type="EIOInput" />
        <Parameter Id="68" VarName="enableActive2" Type="Bool" />
        <Parameter Id="69" VarName="enableInputSignal2" Type="EIOInput" />
        <Parameter Id="70" VarName="enableActive3" Type="Bool" />
        <Parameter Id="71" VarName="enableInputSignal3" Type="EIOInput" />
        <Parameter Id="72" VarName="panicActive1" Type="Bool" />
        <Parameter Id="73" VarName="panicInputSignal1" Type="EIOInput" />
        <Parameter Id="74" VarName="panicActive2" Type="Bool" />
        <Parameter Id="75" VarName="panicInputSignal2" Type="EIOInput" />
        <Parameter Id="76" VarName="panicActive3" Type="Bool" />
        <Parameter Id="77" VarName="panicInputSignal3" Type="EIOInput" />
      </Parameters>
    </AMF>
    <AMF Id="78" Name="E_AMF_TYPE_HAND_GUIDING_ENABLE_ACTIVE" NumInstances="1">
      <Parameters />
    </AMF>
    <AMF Id="79" Name="E_AMF_TYPE_DELAY" NumInstances="16">
      <Parameters>
        <Parameter Id="80" VarName="delayTime" Type="UINT" Unit="ms" />
      </Parameters>
    </AMF>
    <AMF Id="81" Name="E_AMF_TYPE_TOOL_ORIENTATION" NumInstances="8">
      <Parameters>
        <Parameter Id="82" VarName="monitoredKinematics" Type="EKinematics" />
        <Parameter Id="83" VarName="a" Type="UINT" Unit="°" />
        <Parameter Id="84" VarName="b" Type="UINT" Unit="°" />
        <Parameter Id="85" VarName="c" Type="UINT" Unit="°" />
        <Parameter Id="86" VarName="operatingAngle" Type="UINT" Unit="°" />
      </Parameters>
    </AMF>
    <AMF Id="87" Name="E_AMF_TYPE_TOOL_RELATED_VELOCITY_COMPONENT" NumInstances="30">
      <Parameters>
        <Parameter Id="88" VarName="monitoredKinematics" Type="EKinematics" />
        <Parameter Id="89" VarName="maximumVelocity" Type="UINT" Unit="mm/s" />
        <Parameter Id="90" VarName="monitoredVelocityComponent" Type="EMonitoredVelocityComponent" />
      </Parameters>
    </AMF>
  </AMFs>
  <PSMTables>
    <PSMTable Id="91" Name="KUKA" />
    <PSMTable Id="92" Name="Customer" />
  </PSMTables>
  <PSMColumns>
    <PSMColumn Id="93" Name="number" Type="INT" />
    <PSMColumn Id="94" Name="enabled" Type="Bool" />
    <PSMColumn Id="95" Name="category" Type="EPsmCategory" />
    <PSMColumn Id="96" Name="reaction" Type="EPsmReaction" />
    <PSMColumn Id="97" Name="outputSignal" Type="EIOOutput" />
    <PSMColumn Id="98" Name="messageId" Type="INT" />
    <PSMColumn Id="99" Name="requiredOption" Type="ESafetyOptions" />
    <PSMColumn Id="100" Name="amf1" Type="EAmfType" />
    <PSMColumn Id="101" Name="amf2" Type="EAmfType" />
    <PSMColumn Id="102" Name="amf3" Type="EAmfType" />
  </PSMColumns>
  <ESMStates>
    <ESMState Id="103" Name="ESM State 1" />
    <ESMState Id="104" Name="ESM State 2" />
    <ESMState Id="105" Name="ESM State 3" />
    <ESMState Id="106" Name="ESM State 4" />
    <ESMState Id="107" Name="ESM State 5" />
    <ESMState Id="108" Name="ESM State 6" />
    <ESMState Id="109" Name="ESM State 7" />
    <ESMState Id="110" Name="ESM State 8" />
    <ESMState Id="111" Name="ESM State 9" />
    <ESMState Id="112" Name="ESM State 10" />
  </ESMStates>
  <ESMColumns>
    <ESMColumn Id="113" Name="number" Type="INT" />
    <ESMColumn Id="114" Name="enabled" Type="Bool" />
    <ESMColumn Id="115" Name="reaction" Type="EEsmReaction" />
    <ESMColumn Id="116" Name="amf" Type="EAmfType" />
  </ESMColumns>
  <EnumDefinition Id="117" Name="Bool">
    <EnumValue Id="118" Value="0" ValueName="FALSE" />
    <EnumValue Id="119" Value="1" ValueName="TRUE" />
  </EnumDefinition>
  <EnumDefinition Id="120" Name="EMonitoredVelocityComponent">
    <EnumValue Id="121" Value="0" ValueName="X_POSITIVE" />
    <EnumValue Id="122" Value="1" ValueName="X_NEGATIVE" />
    <EnumValue Id="123" Value="2" ValueName="Y_POSITIVE" />
    <EnumValue Id="124" Value="3" ValueName="Y_NEGATIVE" />
    <EnumValue Id="125" Value="4" ValueName="Z_POSITIVE" />
    <EnumValue Id="126" Value="5" ValueName="Z_NEGATIVE" />
  </EnumDefinition>
  <EnumDefinition Id="127" Name="ESafetyOptions">
    <EnumValue Id="128" Value="0" ValueName="E_SAFETY_OPTIONS_MINIMAL" />
    <EnumValue Id="129" Value="1" ValueName="E_SAFETY_OPTIONS_SAFE_OPERATION" />
    <EnumValue Id="130" Value="3" ValueName="E_SAFETY_OPTIONS_SAFE_COLLABORATION" />
    <EnumValue Id="131" Value="7" ValueName="E_SAFETY_OPTIONS_SAFE_HANDGUIDING" />
  </EnumDefinition>
  <EnumDefinition Id="132" Name="EPsmCategory">
    <EnumValue Id="133" Value="0" ValueName="E_PSM_CATEGORY_NONE" />
    <EnumValue Id="134" Value="1" ValueName="E_PSM_CATEGORY_OUTPUT" />
    <EnumValue Id="135" Value="2" ValueName="E_PSM_CATEGORY_CONTROL_PANEL_ENABLE" />
    <EnumValue Id="136" Value="3" ValueName="E_PSM_CATEGORY_EM_STOP_LOCAL" />
    <EnumValue Id="137" Value="4" ValueName="E_PSM_CATEGORY_EM_STOP_EXTERNAL" />
    <EnumValue Id="138" Value="5" ValueName="E_PSM_CATEGORY_OPERATOR_PROTECTION" />
    <EnumValue Id="139" Value="6" ValueName="E_PSM_CATEGORY_SAFE_OPERATIONAL_STOP" />
    <EnumValue Id="140" Value="7" ValueName="E_PSM_CATEGORY_COLLISION_DETECTION" />
    <EnumValue Id="141" Value="8" ValueName="E_PSM_CATEGORY_PROTECTIVE_STOP" />
    <EnumValue Id="142" Value="9" ValueName="E_PSM_CATEGORY_VELOCITY_MONITORING" />
    <EnumValue Id="143" Value="10" ValueName="E_PSM_CATEGORY_WORKSPACE_MONITORING" />
  </EnumDefinition>
  <EnumDefinition Id="144" Name="EPsmReaction">
    <EnumValue Id="145" Value="0" ValueName="E_PSM_REACTION_SAFESTOP_0" />
    <EnumValue Id="146" Value="1" ValueName="E_PSM_REACTION_SAFESTOP_SOFT" />
    <EnumValue Id="147" Value="2" ValueName="E_PSM_REACTION_SAFESTOP_1" />
    <EnumValue Id="148" Value="3" ValueName="E_PSM_REACTION_SAFESTOP_2" />
    <EnumValue Id="149" Value="4" ValueName="E_PSM_REACTION_OUTPUT" />
  </EnumDefinition>
  <EnumDefinition Id="150" Name="EEsmReaction">
    <EnumValue Id="151" Value="0" ValueName="E_ESM_REACTION_SAFESTOP_0" />
    <EnumValue Id="152" Value="1" ValueName="E_ESM_REACTION_SAFESTOP_SOFT" />
    <EnumValue Id="153" Value="2" ValueName="E_ESM_REACTION_SAFESTOP_1" />
    <EnumValue Id="154" Value="3" ValueName="E_ESM_REACTION_SAFESTOP_2" />
  </EnumDefinition>
  <EnumDefinition Id="155" Name="EAmfType">
    <EnumValue Id="156" Value="0" ValueName="E_AMF_TYPE_ALWAYS_VIOLATED" />
    <EnumValue Id="157" Value="1" ValueName="E_AMF_TYPE_EMERGENCY_STOP_LOCAL" />
    <EnumValue Id="158" Value="2" ValueName="E_AMF_TYPE_CONTROL_PANEL_ENABLE" />
    <EnumValue Id="159" Value="3" ValueName="E_AMF_TYPE_CONTROL_PANEL_PANIC" />
    <EnumValue Id="160" Value="4" ValueName="E_AMF_TYPE_OP_MODE_TEST" />
    <EnumValue Id="161" Value="5" ValueName="E_AMF_TYPE_OP_MODE_AUT_OR_EXT" />
    <EnumValue Id="162" Value="6" ValueName="E_AMF_TYPE_OP_MODE_T1_OR_KRF" />
    <EnumValue Id="163" Value="7" ValueName="E_AMF_TYPE_OP_MODE_HIGH_SPEED" />
    <EnumValue Id="164" Value="8" ValueName="E_AMF_TYPE_INPUT_SIGNAL" />
    <EnumValue Id="165" Value="9" ValueName="E_AMF_TYPE_STANDSTILL_ALL_AXES" />
    <EnumValue Id="166" Value="10" ValueName="E_AMF_TYPE_MOTION_ENABLE" />
    <EnumValue Id="167" Value="11" ValueName="E_AMF_TYPE_AXIS_TORQUE" />
    <EnumValue Id="168" Value="12" ValueName="E_AMF_TYPE_AXIS_VELOCITY" />
    <EnumValue Id="169" Value="13" ValueName="E_AMF_TYPE_POS_REFERENCE" />
    <EnumValue Id="170" Value="14" ValueName="E_AMF_TYPE_TORQUE_REFERENCE" />
    <EnumValue Id="171" Value="15" ValueName="E_AMF_TYPE_AXIS_RANGE" />
    <EnumValue Id="172" Value="16" ValueName="E_AMF_TYPE_CARTESIAN_TRANSLATIONAL_VELOCITY" />
    <EnumValue Id="173" Value="17" ValueName="E_AMF_TYPE_CART_WORKSPACE" />
    <EnumValue Id="174" Value="18" ValueName="E_AMF_TYPE_CART_PROTECTED_SPACE" />
    <EnumValue Id="175" Value="19" ValueName="E_AMF_TYPE_COLLISION_DETECTION" />
    <EnumValue Id="176" Value="20" ValueName="E_AMF_TYPE_TCP_FORCE" />
    <EnumValue Id="177" Value="21" ValueName="E_AMF_TYPE_HAND_GUIDING_ENABLE" />
    <EnumValue Id="178" Value="22" ValueName="E_AMF_TYPE_HAND_GUIDING_ENABLE_ACTIVE" />
    <EnumValue Id="179" Value="23" ValueName="E_AMF_TYPE_DELAY" />
    <EnumValue Id="180" Value="24" ValueName="E_AMF_TYPE_TOOL_ORIENTATION" />
    <EnumValue Id="181" Value="25" ValueName="E_AMF_TYPE_TOOL_RELATED_VELOCITY_COMPONENT" />
  </EnumDefinition>
  <EnumDefinition Id="182" Name="EIOInput">
    <EnumValue Id="183" Value="0" ValueName="E_IO_INPUT_CIB_SR_1" />
    <EnumValue Id="184" Value="1" ValueName="E_IO_INPUT_CIB_SR_2" />
    <EnumValue Id="185" Value="2" ValueName="E_IO_INPUT_CIB_SR_3" />
    <EnumValue Id="186" Value="3" ValueName="E_IO_INPUT_CIB_SR_4" />
    <EnumValue Id="187" Value="4" ValueName="E_IO_INPUT_CIB_SR_5" />
    <EnumValue Id="188" Value="5" ValueName="E_IO_INPUT_CIB_SR_6" />
    <EnumValue Id="189" Value="6" ValueName="E_IO_INPUT_CIB_SR_7" />
    <EnumValue Id="190" Value="7" ValueName="E_IO_INPUT_CIB_JR" />
    <EnumValue Id="191" Value="8" ValueName="E_IO_INPUT_CIB_NHS" />
    <EnumValue Id="192" Value="9" ValueName="E_IO_INPUT_CIB_ZSE1" />
    <EnumValue Id="193" Value="10" ValueName="E_IO_INPUT_CIB_ZSE2" />
    <EnumValue Id="194" Value="11" ValueName="E_IO_INPUT_PROFI_SAFE_BYTE_0_0" />
    <EnumValue Id="195" Value="12" ValueName="E_IO_INPUT_PROFI_SAFE_BYTE_0_1" />
    <EnumValue Id="196" Value="13" ValueName="E_IO_INPUT_PROFI_SAFE_BYTE_0_2" />
    <EnumValue Id="197" Value="14" ValueName="E_IO_INPUT_PROFI_SAFE_BYTE_0_3" />
    <EnumValue Id="198" Value="15" ValueName="E_IO_INPUT_PROFI_SAFE_BYTE_0_4" />
    <EnumValue Id="199" Value="16" ValueName="E_IO_INPUT_PROFI_SAFE_BYTE_0_5" />
    <EnumValue Id="200" Value="17" ValueName="E_IO_INPUT_PROFI_SAFE_BYTE_0_6" />
    <EnumValue Id="201" Value="18" ValueName="E_IO_INPUT_PROFI_SAFE_BYTE_0_7" />
    <EnumValue Id="202" Value="19" ValueName="E_IO_INPUT_PROFI_SAFE_BYTE_1_0" />
    <EnumValue Id="203" Value="20" ValueName="E_IO_INPUT_PROFI_SAFE_BYTE_1_1" />
    <EnumValue Id="204" Value="21" ValueName="E_IO_INPUT_PROFI_SAFE_BYTE_1_2" />
    <EnumValue Id="205" Value="22" ValueName="E_IO_INPUT_PROFI_SAFE_BYTE_1_3" />
    <EnumValue Id="206" Value="23" ValueName="E_IO_INPUT_PROFI_SAFE_BYTE_1_4" />
    <EnumValue Id="207" Value="24" ValueName="E_IO_INPUT_PROFI_SAFE_BYTE_1_5" />
    <EnumValue Id="208" Value="25" ValueName="E_IO_INPUT_PROFI_SAFE_BYTE_1_6" />
    <EnumValue Id="209" Value="26" ValueName="E_IO_INPUT_PROFI_SAFE_BYTE_1_7" />
    <EnumValue Id="210" Value="27" ValueName="E_IO_INPUT_PROFI_SAFE_BYTE_2_0" />
    <EnumValue Id="211" Value="28" ValueName="E_IO_INPUT_PROFI_SAFE_BYTE_2_1" />
    <EnumValue Id="212" Value="29" ValueName="E_IO_INPUT_PROFI_SAFE_BYTE_2_2" />
    <EnumValue Id="213" Value="30" ValueName="E_IO_INPUT_PROFI_SAFE_BYTE_2_3" />
    <EnumValue Id="214" Value="31" ValueName="E_IO_INPUT_PROFI_SAFE_BYTE_2_4" />
    <EnumValue Id="215" Value="32" ValueName="E_IO_INPUT_PROFI_SAFE_BYTE_2_5" />
    <EnumValue Id="216" Value="33" ValueName="E_IO_INPUT_PROFI_SAFE_BYTE_2_6" />
    <EnumValue Id="217" Value="34" ValueName="E_IO_INPUT_PROFI_SAFE_BYTE_2_7" />
    <EnumValue Id="218" Value="35" ValueName="E_IO_INPUT_PROFI_SAFE_BYTE_3_0" />
    <EnumValue Id="219" Value="36" ValueName="E_IO_INPUT_PROFI_SAFE_BYTE_3_1" />
    <EnumValue Id="220" Value="37" ValueName="E_IO_INPUT_PROFI_SAFE_BYTE_3_2" />
    <EnumValue Id="221" Value="38" ValueName="E_IO_INPUT_PROFI_SAFE_BYTE_3_3" />
    <EnumValue Id="222" Value="39" ValueName="E_IO_INPUT_PROFI_SAFE_BYTE_3_4" />
    <EnumValue Id="223" Value="40" ValueName="E_IO_INPUT_PROFI_SAFE_BYTE_3_5" />
    <EnumValue Id="224" Value="41" ValueName="E_IO_INPUT_PROFI_SAFE_BYTE_3_6" />
    <EnumValue Id="225" Value="42" ValueName="E_IO_INPUT_PROFI_SAFE_BYTE_3_7" />
    <EnumValue Id="226" Value="43" ValueName="E_IO_INPUT_PROFI_SAFE_BYTE_4_0" />
    <EnumValue Id="227" Value="44" ValueName="E_IO_INPUT_PROFI_SAFE_BYTE_4_1" />
    <EnumValue Id="228" Value="45" ValueName="E_IO_INPUT_PROFI_SAFE_BYTE_4_2" />
    <EnumValue Id="229" Value="46" ValueName="E_IO_INPUT_PROFI_SAFE_BYTE_4_3" />
    <EnumValue Id="230" Value="47" ValueName="E_IO_INPUT_PROFI_SAFE_BYTE_4_4" />
    <EnumValue Id="231" Value="48" ValueName="E_IO_INPUT_PROFI_SAFE_BYTE_4_5" />
    <EnumValue Id="232" Value="49" ValueName="E_IO_INPUT_PROFI_SAFE_BYTE_4_6" />
    <EnumValue Id="233" Value="50" ValueName="E_IO_INPUT_PROFI_SAFE_BYTE_4_7" />
    <EnumValue Id="234" Value="51" ValueName="E_IO_INPUT_PROFI_SAFE_BYTE_5_0" />
    <EnumValue Id="235" Value="52" ValueName="E_IO_INPUT_PROFI_SAFE_BYTE_5_1" />
    <EnumValue Id="236" Value="53" ValueName="E_IO_INPUT_PROFI_SAFE_BYTE_5_2" />
    <EnumValue Id="237" Value="54" ValueName="E_IO_INPUT_PROFI_SAFE_BYTE_5_3" />
    <EnumValue Id="238" Value="55" ValueName="E_IO_INPUT_PROFI_SAFE_BYTE_5_4" />
    <EnumValue Id="239" Value="56" ValueName="E_IO_INPUT_PROFI_SAFE_BYTE_5_5" />
    <EnumValue Id="240" Value="57" ValueName="E_IO_INPUT_PROFI_SAFE_BYTE_5_6" />
    <EnumValue Id="241" Value="58" ValueName="E_IO_INPUT_PROFI_SAFE_BYTE_5_7" />
    <EnumValue Id="242" Value="59" ValueName="E_IO_INPUT_PROFI_SAFE_BYTE_6_0" />
    <EnumValue Id="243" Value="60" ValueName="E_IO_INPUT_PROFI_SAFE_BYTE_6_1" />
    <EnumValue Id="244" Value="61" ValueName="E_IO_INPUT_PROFI_SAFE_BYTE_6_2" />
    <EnumValue Id="245" Value="62" ValueName="E_IO_INPUT_PROFI_SAFE_BYTE_6_3" />
    <EnumValue Id="246" Value="63" ValueName="E_IO_INPUT_PROFI_SAFE_BYTE_6_4" />
    <EnumValue Id="247" Value="64" ValueName="E_IO_INPUT_PROFI_SAFE_BYTE_6_5" />
    <EnumValue Id="248" Value="65" ValueName="E_IO_INPUT_PROFI_SAFE_BYTE_6_6" />
    <EnumValue Id="249" Value="66" ValueName="E_IO_INPUT_PROFI_SAFE_BYTE_6_7" />
    <EnumValue Id="250" Value="67" ValueName="E_IO_INPUT_PROFI_SAFE_BYTE_7_0" />
    <EnumValue Id="251" Value="68" ValueName="E_IO_INPUT_PROFI_SAFE_BYTE_7_1" />
    <EnumValue Id="252" Value="69" ValueName="E_IO_INPUT_PROFI_SAFE_BYTE_7_2" />
    <EnumValue Id="253" Value="70" ValueName="E_IO_INPUT_PROFI_SAFE_BYTE_7_3" />
    <EnumValue Id="254" Value="71" ValueName="E_IO_INPUT_PROFI_SAFE_BYTE_7_4" />
    <EnumValue Id="255" Value="72" ValueName="E_IO_INPUT_PROFI_SAFE_BYTE_7_5" />
    <EnumValue Id="256" Value="73" ValueName="E_IO_INPUT_PROFI_SAFE_BYTE_7_6" />
    <EnumValue Id="257" Value="74" ValueName="E_IO_INPUT_PROFI_SAFE_BYTE_7_7" />
    <EnumValue Id="258" Value="75" ValueName="E_IO_INPUT_FSOE_MASTER_BYTE_0_0" />
    <EnumValue Id="259" Value="76" ValueName="E_IO_INPUT_FSOE_MASTER_BYTE_0_1" />
    <EnumValue Id="260" Value="77" ValueName="E_IO_INPUT_FSOE_MASTER_BYTE_0_2" />
    <EnumValue Id="261" Value="78" ValueName="E_IO_INPUT_FSOE_MASTER_BYTE_0_3" />
    <EnumValue Id="262" Value="79" ValueName="E_IO_INPUT_FSOE_MASTER_BYTE_0_4" />
    <EnumValue Id="263" Value="80" ValueName="E_IO_INPUT_FSOE_MASTER_BYTE_0_5" />
    <EnumValue Id="264" Value="81" ValueName="E_IO_INPUT_FSOE_MASTER_BYTE_0_6" />
    <EnumValue Id="265" Value="82" ValueName="E_IO_INPUT_FSOE_MASTER_BYTE_0_7" />
    <EnumValue Id="266" Value="83" ValueName="E_IO_INPUT_FSOE_MASTER_BYTE_1_0" />
    <EnumValue Id="267" Value="84" ValueName="E_IO_INPUT_FSOE_MASTER_BYTE_1_1" />
    <EnumValue Id="268" Value="85" ValueName="E_IO_INPUT_FSOE_MASTER_BYTE_1_2" />
    <EnumValue Id="269" Value="86" ValueName="E_IO_INPUT_FSOE_MASTER_BYTE_1_3" />
    <EnumValue Id="270" Value="87" ValueName="E_IO_INPUT_FSOE_MASTER_BYTE_1_4" />
    <EnumValue Id="271" Value="88" ValueName="E_IO_INPUT_FSOE_MASTER_BYTE_1_5" />
    <EnumValue Id="272" Value="89" ValueName="E_IO_INPUT_FSOE_MASTER_BYTE_1_6" />
    <EnumValue Id="273" Value="90" ValueName="E_IO_INPUT_FSOE_MASTER_BYTE_1_7" />
    <EnumValue Id="274" Value="91" ValueName="E_IO_INPUT_FSOE_MASTER_BYTE_2_0" />
    <EnumValue Id="275" Value="92" ValueName="E_IO_INPUT_FSOE_MASTER_BYTE_2_1" />
    <EnumValue Id="276" Value="93" ValueName="E_IO_INPUT_FSOE_MASTER_BYTE_2_2" />
    <EnumValue Id="277" Value="94" ValueName="E_IO_INPUT_FSOE_MASTER_BYTE_2_3" />
    <EnumValue Id="278" Value="95" ValueName="E_IO_INPUT_FSOE_MASTER_BYTE_2_4" />
    <EnumValue Id="279" Value="96" ValueName="E_IO_INPUT_FSOE_MASTER_BYTE_2_5" />
    <EnumValue Id="280" Value="97" ValueName="E_IO_INPUT_FSOE_MASTER_BYTE_2_6" />
    <EnumValue Id="281" Value="98" ValueName="E_IO_INPUT_FSOE_MASTER_BYTE_2_7" />
    <EnumValue Id="282" Value="99" ValueName="E_IO_INPUT_FSOE_MASTER_BYTE_3_0" />
    <EnumValue Id="283" Value="100" ValueName="E_IO_INPUT_FSOE_MASTER_BYTE_3_1" />
    <EnumValue Id="284" Value="101" ValueName="E_IO_INPUT_FSOE_MASTER_BYTE_3_2" />
    <EnumValue Id="285" Value="102" ValueName="E_IO_INPUT_FSOE_MASTER_BYTE_3_3" />
    <EnumValue Id="286" Value="103" ValueName="E_IO_INPUT_FSOE_MASTER_BYTE_3_4" />
    <EnumValue Id="287" Value="104" ValueName="E_IO_INPUT_FSOE_MASTER_BYTE_3_5" />
    <EnumValue Id="288" Value="105" ValueName="E_IO_INPUT_FSOE_MASTER_BYTE_3_6" />
    <EnumValue Id="289" Value="106" ValueName="E_IO_INPUT_FSOE_MASTER_BYTE_3_7" />
    <EnumValue Id="290" Value="107" ValueName="E_IO_INPUT_FSOE_MASTER_BYTE_4_0" />
    <EnumValue Id="291" Value="108" ValueName="E_IO_INPUT_FSOE_MASTER_BYTE_4_1" />
    <EnumValue Id="292" Value="109" ValueName="E_IO_INPUT_FSOE_MASTER_BYTE_4_2" />
    <EnumValue Id="293" Value="110" ValueName="E_IO_INPUT_FSOE_MASTER_BYTE_4_3" />
    <EnumValue Id="294" Value="111" ValueName="E_IO_INPUT_FSOE_MASTER_BYTE_4_4" />
    <EnumValue Id="295" Value="112" ValueName="E_IO_INPUT_FSOE_MASTER_BYTE_4_5" />
    <EnumValue Id="296" Value="113" ValueName="E_IO_INPUT_FSOE_MASTER_BYTE_4_6" />
    <EnumValue Id="297" Value="114" ValueName="E_IO_INPUT_FSOE_MASTER_BYTE_4_7" />
    <EnumValue Id="298" Value="115" ValueName="E_IO_INPUT_FSOE_MASTER_BYTE_5_0" />
    <EnumValue Id="299" Value="116" ValueName="E_IO_INPUT_FSOE_MASTER_BYTE_5_1" />
    <EnumValue Id="300" Value="117" ValueName="E_IO_INPUT_FSOE_MASTER_BYTE_5_2" />
    <EnumValue Id="301" Value="118" ValueName="E_IO_INPUT_FSOE_MASTER_BYTE_5_3" />
    <EnumValue Id="302" Value="119" ValueName="E_IO_INPUT_FSOE_MASTER_BYTE_5_4" />
    <EnumValue Id="303" Value="120" ValueName="E_IO_INPUT_FSOE_MASTER_BYTE_5_5" />
    <EnumValue Id="304" Value="121" ValueName="E_IO_INPUT_FSOE_MASTER_BYTE_5_6" />
    <EnumValue Id="305" Value="122" ValueName="E_IO_INPUT_FSOE_MASTER_BYTE_5_7" />
    <EnumValue Id="306" Value="123" ValueName="E_IO_INPUT_FSOE_MASTER_BYTE_6_0" />
    <EnumValue Id="307" Value="124" ValueName="E_IO_INPUT_FSOE_MASTER_BYTE_6_1" />
    <EnumValue Id="308" Value="125" ValueName="E_IO_INPUT_FSOE_MASTER_BYTE_6_2" />
    <EnumValue Id="309" Value="126" ValueName="E_IO_INPUT_FSOE_MASTER_BYTE_6_3" />
    <EnumValue Id="310" Value="127" ValueName="E_IO_INPUT_FSOE_MASTER_BYTE_6_4" />
    <EnumValue Id="311" Value="128" ValueName="E_IO_INPUT_FSOE_MASTER_BYTE_6_5" />
    <EnumValue Id="312" Value="129" ValueName="E_IO_INPUT_FSOE_MASTER_BYTE_6_6" />
    <EnumValue Id="313" Value="130" ValueName="E_IO_INPUT_FSOE_MASTER_BYTE_6_7" />
    <EnumValue Id="314" Value="131" ValueName="E_IO_INPUT_FSOE_MASTER_BYTE_7_0" />
    <EnumValue Id="315" Value="132" ValueName="E_IO_INPUT_FSOE_MASTER_BYTE_7_1" />
    <EnumValue Id="316" Value="133" ValueName="E_IO_INPUT_FSOE_MASTER_BYTE_7_2" />
    <EnumValue Id="317" Value="134" ValueName="E_IO_INPUT_FSOE_MASTER_BYTE_7_3" />
    <EnumValue Id="318" Value="135" ValueName="E_IO_INPUT_FSOE_MASTER_BYTE_7_4" />
    <EnumValue Id="319" Value="136" ValueName="E_IO_INPUT_FSOE_MASTER_BYTE_7_5" />
    <EnumValue Id="320" Value="137" ValueName="E_IO_INPUT_FSOE_MASTER_BYTE_7_6" />
    <EnumValue Id="321" Value="138" ValueName="E_IO_INPUT_FSOE_MASTER_BYTE_7_7" />
    <EnumValue Id="322" Value="139" ValueName="E_IO_INPUT_MAM_EXT_ENABLE" />
    <EnumValue Id="323" Value="140" ValueName="E_IO_INPUT_MAM_EXT_PANIC" />
  </EnumDefinition>
  <EnumDefinition Id="324" Name="EIOOutput">
    <EnumValue Id="325" Value="0" ValueName="E_IO_OUTPUT_CIB_SR_RELAIS_12" />
    <EnumValue Id="326" Value="1" ValueName="E_IO_OUTPUT_CIB_SR_RELAIS_13" />
    <EnumValue Id="327" Value="2" ValueName="E_IO_OUTPUT_CIB_SR_RELAIS_14" />
    <EnumValue Id="328" Value="3" ValueName="E_IO_OUTPUT_CIB_SR_CONTACTOR" />
    <EnumValue Id="329" Value="4" ValueName="E_IO_OUTPUT_PROFI_SAFE_BYTE_0_0" />
    <EnumValue Id="330" Value="5" ValueName="E_IO_OUTPUT_PROFI_SAFE_BYTE_0_1" />
    <EnumValue Id="331" Value="6" ValueName="E_IO_OUTPUT_PROFI_SAFE_BYTE_0_2" />
    <EnumValue Id="332" Value="7" ValueName="E_IO_OUTPUT_PROFI_SAFE_BYTE_0_3" />
    <EnumValue Id="333" Value="8" ValueName="E_IO_OUTPUT_PROFI_SAFE_BYTE_0_4" />
    <EnumValue Id="334" Value="9" ValueName="E_IO_OUTPUT_PROFI_SAFE_BYTE_0_5" />
    <EnumValue Id="335" Value="10" ValueName="E_IO_OUTPUT_PROFI_SAFE_BYTE_0_6" />
    <EnumValue Id="336" Value="11" ValueName="E_IO_OUTPUT_PROFI_SAFE_BYTE_0_7" />
    <EnumValue Id="337" Value="12" ValueName="E_IO_OUTPUT_PROFI_SAFE_BYTE_1_0" />
    <EnumValue Id="338" Value="13" ValueName="E_IO_OUTPUT_PROFI_SAFE_BYTE_1_1" />
    <EnumValue Id="339" Value="14" ValueName="E_IO_OUTPUT_PROFI_SAFE_BYTE_1_2" />
    <EnumValue Id="340" Value="15" ValueName="E_IO_OUTPUT_PROFI_SAFE_BYTE_1_3" />
    <EnumValue Id="341" Value="16" ValueName="E_IO_OUTPUT_PROFI_SAFE_BYTE_1_4" />
    <EnumValue Id="342" Value="17" ValueName="E_IO_OUTPUT_PROFI_SAFE_BYTE_1_5" />
    <EnumValue Id="343" Value="18" ValueName="E_IO_OUTPUT_PROFI_SAFE_BYTE_1_6" />
    <EnumValue Id="344" Value="19" ValueName="E_IO_OUTPUT_PROFI_SAFE_BYTE_1_7" />
    <EnumValue Id="345" Value="20" ValueName="E_IO_OUTPUT_PROFI_SAFE_BYTE_2_0" />
    <EnumValue Id="346" Value="21" ValueName="E_IO_OUTPUT_PROFI_SAFE_BYTE_2_1" />
    <EnumValue Id="347" Value="22" ValueName="E_IO_OUTPUT_PROFI_SAFE_BYTE_2_2" />
    <EnumValue Id="348" Value="23" ValueName="E_IO_OUTPUT_PROFI_SAFE_BYTE_2_3" />
    <EnumValue Id="349" Value="24" ValueName="E_IO_OUTPUT_PROFI_SAFE_BYTE_2_4" />
    <EnumValue Id="350" Value="25" ValueName="E_IO_OUTPUT_PROFI_SAFE_BYTE_2_5" />
    <EnumValue Id="351" Value="26" ValueName="E_IO_OUTPUT_PROFI_SAFE_BYTE_2_6" />
    <EnumValue Id="352" Value="27" ValueName="E_IO_OUTPUT_PROFI_SAFE_BYTE_2_7" />
    <EnumValue Id="353" Value="28" ValueName="E_IO_OUTPUT_PROFI_SAFE_BYTE_3_0" />
    <EnumValue Id="354" Value="29" ValueName="E_IO_OUTPUT_PROFI_SAFE_BYTE_3_1" />
    <EnumValue Id="355" Value="30" ValueName="E_IO_OUTPUT_PROFI_SAFE_BYTE_3_2" />
    <EnumValue Id="356" Value="31" ValueName="E_IO_OUTPUT_PROFI_SAFE_BYTE_3_3" />
    <EnumValue Id="357" Value="32" ValueName="E_IO_OUTPUT_PROFI_SAFE_BYTE_3_4" />
    <EnumValue Id="358" Value="33" ValueName="E_IO_OUTPUT_PROFI_SAFE_BYTE_3_5" />
    <EnumValue Id="359" Value="34" ValueName="E_IO_OUTPUT_PROFI_SAFE_BYTE_3_6" />
    <EnumValue Id="360" Value="35" ValueName="E_IO_OUTPUT_PROFI_SAFE_BYTE_3_7" />
    <EnumValue Id="361" Value="36" ValueName="E_IO_OUTPUT_PROFI_SAFE_BYTE_4_0" />
    <EnumValue Id="362" Value="37" ValueName="E_IO_OUTPUT_PROFI_SAFE_BYTE_4_1" />
    <EnumValue Id="363" Value="38" ValueName="E_IO_OUTPUT_PROFI_SAFE_BYTE_4_2" />
    <EnumValue Id="364" Value="39" ValueName="E_IO_OUTPUT_PROFI_SAFE_BYTE_4_3" />
    <EnumValue Id="365" Value="40" ValueName="E_IO_OUTPUT_PROFI_SAFE_BYTE_4_4" />
    <EnumValue Id="366" Value="41" ValueName="E_IO_OUTPUT_PROFI_SAFE_BYTE_4_5" />
    <EnumValue Id="367" Value="42" ValueName="E_IO_OUTPUT_PROFI_SAFE_BYTE_4_6" />
    <EnumValue Id="368" Value="43" ValueName="E_IO_OUTPUT_PROFI_SAFE_BYTE_4_7" />
    <EnumValue Id="369" Value="44" ValueName="E_IO_OUTPUT_PROFI_SAFE_BYTE_5_0" />
    <EnumValue Id="370" Value="45" ValueName="E_IO_OUTPUT_PROFI_SAFE_BYTE_5_1" />
    <EnumValue Id="371" Value="46" ValueName="E_IO_OUTPUT_PROFI_SAFE_BYTE_5_2" />
    <EnumValue Id="372" Value="47" ValueName="E_IO_OUTPUT_PROFI_SAFE_BYTE_5_3" />
    <EnumValue Id="373" Value="48" ValueName="E_IO_OUTPUT_PROFI_SAFE_BYTE_5_4" />
    <EnumValue Id="374" Value="49" ValueName="E_IO_OUTPUT_PROFI_SAFE_BYTE_5_5" />
    <EnumValue Id="375" Value="50" ValueName="E_IO_OUTPUT_PROFI_SAFE_BYTE_5_6" />
    <EnumValue Id="376" Value="51" ValueName="E_IO_OUTPUT_PROFI_SAFE_BYTE_5_7" />
    <EnumValue Id="377" Value="52" ValueName="E_IO_OUTPUT_PROFI_SAFE_BYTE_6_0" />
    <EnumValue Id="378" Value="53" ValueName="E_IO_OUTPUT_PROFI_SAFE_BYTE_6_1" />
    <EnumValue Id="379" Value="54" ValueName="E_IO_OUTPUT_PROFI_SAFE_BYTE_6_2" />
    <EnumValue Id="380" Value="55" ValueName="E_IO_OUTPUT_PROFI_SAFE_BYTE_6_3" />
    <EnumValue Id="381" Value="56" ValueName="E_IO_OUTPUT_PROFI_SAFE_BYTE_6_4" />
    <EnumValue Id="382" Value="57" ValueName="E_IO_OUTPUT_PROFI_SAFE_BYTE_6_5" />
    <EnumValue Id="383" Value="58" ValueName="E_IO_OUTPUT_PROFI_SAFE_BYTE_6_6" />
    <EnumValue Id="384" Value="59" ValueName="E_IO_OUTPUT_PROFI_SAFE_BYTE_6_7" />
    <EnumValue Id="385" Value="60" ValueName="E_IO_OUTPUT_PROFI_SAFE_BYTE_7_0" />
    <EnumValue Id="386" Value="61" ValueName="E_IO_OUTPUT_PROFI_SAFE_BYTE_7_1" />
    <EnumValue Id="387" Value="62" ValueName="E_IO_OUTPUT_PROFI_SAFE_BYTE_7_2" />
    <EnumValue Id="388" Value="63" ValueName="E_IO_OUTPUT_PROFI_SAFE_BYTE_7_3" />
    <EnumValue Id="389" Value="64" ValueName="E_IO_OUTPUT_PROFI_SAFE_BYTE_7_4" />
    <EnumValue Id="390" Value="65" ValueName="E_IO_OUTPUT_PROFI_SAFE_BYTE_7_5" />
    <EnumValue Id="391" Value="66" ValueName="E_IO_OUTPUT_PROFI_SAFE_BYTE_7_6" />
    <EnumValue Id="392" Value="67" ValueName="E_IO_OUTPUT_PROFI_SAFE_BYTE_7_7" />
    <EnumValue Id="393" Value="68" ValueName="E_IO_OUTPUT_FSOE_MASTER_BYTE_0_0" />
    <EnumValue Id="394" Value="69" ValueName="E_IO_OUTPUT_FSOE_MASTER_BYTE_0_1" />
    <EnumValue Id="395" Value="70" ValueName="E_IO_OUTPUT_FSOE_MASTER_BYTE_0_2" />
    <EnumValue Id="396" Value="71" ValueName="E_IO_OUTPUT_FSOE_MASTER_BYTE_0_3" />
    <EnumValue Id="397" Value="72" ValueName="E_IO_OUTPUT_FSOE_MASTER_BYTE_0_4" />
    <EnumValue Id="398" Value="73" ValueName="E_IO_OUTPUT_FSOE_MASTER_BYTE_0_5" />
    <EnumValue Id="399" Value="74" ValueName="E_IO_OUTPUT_FSOE_MASTER_BYTE_0_6" />
    <EnumValue Id="400" Value="75" ValueName="E_IO_OUTPUT_FSOE_MASTER_BYTE_0_7" />
    <EnumValue Id="401" Value="76" ValueName="E_IO_OUTPUT_FSOE_MASTER_BYTE_1_0" />
    <EnumValue Id="402" Value="77" ValueName="E_IO_OUTPUT_FSOE_MASTER_BYTE_1_1" />
    <EnumValue Id="403" Value="78" ValueName="E_IO_OUTPUT_FSOE_MASTER_BYTE_1_2" />
    <EnumValue Id="404" Value="79" ValueName="E_IO_OUTPUT_FSOE_MASTER_BYTE_1_3" />
    <EnumValue Id="405" Value="80" ValueName="E_IO_OUTPUT_FSOE_MASTER_BYTE_1_4" />
    <EnumValue Id="406" Value="81" ValueName="E_IO_OUTPUT_FSOE_MASTER_BYTE_1_5" />
    <EnumValue Id="407" Value="82" ValueName="E_IO_OUTPUT_FSOE_MASTER_BYTE_1_6" />
    <EnumValue Id="408" Value="83" ValueName="E_IO_OUTPUT_FSOE_MASTER_BYTE_1_7" />
    <EnumValue Id="409" Value="84" ValueName="E_IO_OUTPUT_FSOE_MASTER_BYTE_2_0" />
    <EnumValue Id="410" Value="85" ValueName="E_IO_OUTPUT_FSOE_MASTER_BYTE_2_1" />
    <EnumValue Id="411" Value="86" ValueName="E_IO_OUTPUT_FSOE_MASTER_BYTE_2_2" />
    <EnumValue Id="412" Value="87" ValueName="E_IO_OUTPUT_FSOE_MASTER_BYTE_2_3" />
    <EnumValue Id="413" Value="88" ValueName="E_IO_OUTPUT_FSOE_MASTER_BYTE_2_4" />
    <EnumValue Id="414" Value="89" ValueName="E_IO_OUTPUT_FSOE_MASTER_BYTE_2_5" />
    <EnumValue Id="415" Value="90" ValueName="E_IO_OUTPUT_FSOE_MASTER_BYTE_2_6" />
    <EnumValue Id="416" Value="91" ValueName="E_IO_OUTPUT_FSOE_MASTER_BYTE_2_7" />
    <EnumValue Id="417" Value="92" ValueName="E_IO_OUTPUT_FSOE_MASTER_BYTE_3_0" />
    <EnumValue Id="418" Value="93" ValueName="E_IO_OUTPUT_FSOE_MASTER_BYTE_3_1" />
    <EnumValue Id="419" Value="94" ValueName="E_IO_OUTPUT_FSOE_MASTER_BYTE_3_2" />
    <EnumValue Id="420" Value="95" ValueName="E_IO_OUTPUT_FSOE_MASTER_BYTE_3_3" />
    <EnumValue Id="421" Value="96" ValueName="E_IO_OUTPUT_FSOE_MASTER_BYTE_3_4" />
    <EnumValue Id="422" Value="97" ValueName="E_IO_OUTPUT_FSOE_MASTER_BYTE_3_5" />
    <EnumValue Id="423" Value="98" ValueName="E_IO_OUTPUT_FSOE_MASTER_BYTE_3_6" />
    <EnumValue Id="424" Value="99" ValueName="E_IO_OUTPUT_FSOE_MASTER_BYTE_3_7" />
    <EnumValue Id="425" Value="100" ValueName="E_IO_OUTPUT_FSOE_MASTER_BYTE_4_0" />
    <EnumValue Id="426" Value="101" ValueName="E_IO_OUTPUT_FSOE_MASTER_BYTE_4_1" />
    <EnumValue Id="427" Value="102" ValueName="E_IO_OUTPUT_FSOE_MASTER_BYTE_4_2" />
    <EnumValue Id="428" Value="103" ValueName="E_IO_OUTPUT_FSOE_MASTER_BYTE_4_3" />
    <EnumValue Id="429" Value="104" ValueName="E_IO_OUTPUT_FSOE_MASTER_BYTE_4_4" />
    <EnumValue Id="430" Value="105" ValueName="E_IO_OUTPUT_FSOE_MASTER_BYTE_4_5" />
    <EnumValue Id="431" Value="106" ValueName="E_IO_OUTPUT_FSOE_MASTER_BYTE_4_6" />
    <EnumValue Id="432" Value="107" ValueName="E_IO_OUTPUT_FSOE_MASTER_BYTE_4_7" />
    <EnumValue Id="433" Value="108" ValueName="E_IO_OUTPUT_FSOE_MASTER_BYTE_5_0" />
    <EnumValue Id="434" Value="109" ValueName="E_IO_OUTPUT_FSOE_MASTER_BYTE_5_1" />
    <EnumValue Id="435" Value="110" ValueName="E_IO_OUTPUT_FSOE_MASTER_BYTE_5_2" />
    <EnumValue Id="436" Value="111" ValueName="E_IO_OUTPUT_FSOE_MASTER_BYTE_5_3" />
    <EnumValue Id="437" Value="112" ValueName="E_IO_OUTPUT_FSOE_MASTER_BYTE_5_4" />
    <EnumValue Id="438" Value="113" ValueName="E_IO_OUTPUT_FSOE_MASTER_BYTE_5_5" />
    <EnumValue Id="439" Value="114" ValueName="E_IO_OUTPUT_FSOE_MASTER_BYTE_5_6" />
    <EnumValue Id="440" Value="115" ValueName="E_IO_OUTPUT_FSOE_MASTER_BYTE_5_7" />
    <EnumValue Id="441" Value="116" ValueName="E_IO_OUTPUT_FSOE_MASTER_BYTE_6_0" />
    <EnumValue Id="442" Value="117" ValueName="E_IO_OUTPUT_FSOE_MASTER_BYTE_6_1" />
    <EnumValue Id="443" Value="118" ValueName="E_IO_OUTPUT_FSOE_MASTER_BYTE_6_2" />
    <EnumValue Id="444" Value="119" ValueName="E_IO_OUTPUT_FSOE_MASTER_BYTE_6_3" />
    <EnumValue Id="445" Value="120" ValueName="E_IO_OUTPUT_FSOE_MASTER_BYTE_6_4" />
    <EnumValue Id="446" Value="121" ValueName="E_IO_OUTPUT_FSOE_MASTER_BYTE_6_5" />
    <EnumValue Id="447" Value="122" ValueName="E_IO_OUTPUT_FSOE_MASTER_BYTE_6_6" />
    <EnumValue Id="448" Value="123" ValueName="E_IO_OUTPUT_FSOE_MASTER_BYTE_6_7" />
    <EnumValue Id="449" Value="124" ValueName="E_IO_OUTPUT_FSOE_MASTER_BYTE_7_0" />
    <EnumValue Id="450" Value="125" ValueName="E_IO_OUTPUT_FSOE_MASTER_BYTE_7_1" />
    <EnumValue Id="451" Value="126" ValueName="E_IO_OUTPUT_FSOE_MASTER_BYTE_7_2" />
    <EnumValue Id="452" Value="127" ValueName="E_IO_OUTPUT_FSOE_MASTER_BYTE_7_3" />
    <EnumValue Id="453" Value="128" ValueName="E_IO_OUTPUT_FSOE_MASTER_BYTE_7_4" />
    <EnumValue Id="454" Value="129" ValueName="E_IO_OUTPUT_FSOE_MASTER_BYTE_7_5" />
    <EnumValue Id="455" Value="130" ValueName="E_IO_OUTPUT_FSOE_MASTER_BYTE_7_6" />
    <EnumValue Id="456" Value="131" ValueName="E_IO_OUTPUT_FSOE_MASTER_BYTE_7_7" />
  </EnumDefinition>
  <EnumDefinition Id="457" Name="EAxisIdentifier">
    <EnumValue Id="458" Value="0" ValueName="E_AXIS_1" />
    <EnumValue Id="459" Value="1" ValueName="E_AXIS_2" />
    <EnumValue Id="460" Value="2" ValueName="E_AXIS_3" />
    <EnumValue Id="461" Value="3" ValueName="E_AXIS_4" />
    <EnumValue Id="462" Value="4" ValueName="E_AXIS_5" />
    <EnumValue Id="463" Value="5" ValueName="E_AXIS_6" />
    <EnumValue Id="464" Value="6" ValueName="E_AXIS_7" />
    <EnumValue Id="465" Value="7" ValueName="E_AXIS_8" />
    <EnumValue Id="466" Value="8" ValueName="E_AXIS_9" />
    <EnumValue Id="467" Value="9" ValueName="E_AXIS_10" />
    <EnumValue Id="468" Value="10" ValueName="E_AXIS_11" />
    <EnumValue Id="469" Value="11" ValueName="E_AXIS_12" />
    <EnumValue Id="470" Value="12" ValueName="E_AXIS_13" />
    <EnumValue Id="471" Value="13" ValueName="E_AXIS_14" />
    <EnumValue Id="472" Value="14" ValueName="E_AXIS_15" />
    <EnumValue Id="473" Value="15" ValueName="E_AXIS_16" />
  </EnumDefinition>
  <EnumDefinition Id="474" Name="EMonitoredStructure">
    <EnumValue Id="475" Value="0" ValueName="E_MONITORED_STRUCTURE_ROBOT_AND_TOOL" />
    <EnumValue Id="476" Value="1" ValueName="E_MONITORED_STRUCTURE_ROBOT" />
    <EnumValue Id="477" Value="2" ValueName="E_MONITORED_STRUCTURE_TOOL" />
  </EnumDefinition>
  <EnumDefinition Id="478" Name="EKinematics">
    <EnumValue Id="479" Value="0" ValueName="E_KINEMATICS_1" />
    <EnumValue Id="480" Value="1" ValueName="E_KINEMATICS_2" />
    <EnumValue Id="481" Value="2" ValueName="E_KINEMATICS_3" />
    <EnumValue Id="482" Value="3" ValueName="E_KINEMATICS_4" />
  </EnumDefinition>
</SamConfigurationTypes>